study_name,run_name,run_id,gif_path,png_path,vtk_available,status,final_time_s,x_puit,y_puit,x_buse,y_buse,y_gap_buse,x_gap_buse,x_plateau,ratio_surface,rho_ink,eta_0,eta_inf,sigma,lambda_carreau,n_carreau,CA_substrate,CA_wall_isolant_left,CA_wall_isolant_right,CA_top_isolant_left,CA_top_isolant_right,CA_buse_int_left,CA_buse_int_right,CA_buse_ext_left,CA_buse_ext_right,endTime,writeInterval,deltaT,maxCo
full_parametric_32,run_001_wall_isolant_left30_top_isolant_left30_eta00.5_eta_inf0.001_ratio_surface0.8,1,/home/erikeo29/17_RD_Ag_AgCl/40_AgCl_OpenFOAM/05_AgCl_OF_param_v5/results/full_parametric_32/gifs/run_001_wall_isolant_left30_top_isolant_left30_eta00.5_eta_inf0.001_ratio_surface0.8.gif,/home/erikeo29/17_RD_Ag_AgCl/40_AgCl_OpenFOAM/05_AgCl_OF_param_v5/results/full_parametric_32/png/run_001_wall_isolant_left30_top_isolant_left30_eta00.5_eta_inf0.001_ratio_surface0.8.png,True,OK,,0.8,0.128,0.3,0.273,0.06,0.0,0.4,0.7998,3000,0.5,0.001,0.04,,0.5,35,30,120,30,120,90,90,180,180,0.2,0.002,1e-06,0.3
full_parametric_32,run_002_wall_isolant_left30_top_isolant_left30_eta00.5_eta_inf0.001_ratio_surface1.2,2,/home/erikeo29/17_RD_Ag_AgCl/40_AgCl_OpenFOAM/05_AgCl_OF_param_v5/results/full_parametric_32/gifs/run_002_wall_isolant_left30_top_isolant_left30_eta00.5_eta_inf0.001_ratio_surface1.2.gif,/home/erikeo29/17_RD_Ag_AgCl/40_AgCl_OpenFOAM/05_AgCl_OF_param_v5/results/full_parametric_32/png/run_002_wall_isolant_left30_top_isolant_left30_eta00.5_eta_inf0.001_ratio_surface1.2.png,True,OK,,0.8,0.128,0.3,0.41,0.06,0.0,0.4,1.2012,3000,0.5,0.001,0.04,,0.5,35,30,120,30,120,90,90,180,180,0.2,0.002,1e-06,0.3
full_parametric_32,run_003_wall_isolant_left30_top_isolant_left30_eta00.5_eta_inf0.1_ratio_surface0.8,3,/home/erikeo29/17_RD_Ag_AgCl/40_AgCl_OpenFOAM/05_AgCl_OF_param_v5/results/full_parametric_32/gifs/run_003_wall_isolant_left30_top_isolant_left30_eta00.5_eta_inf0.1_ratio_surface0.8.gif,/home/erikeo29/17_RD_Ag_AgCl/40_AgCl_OpenFOAM/05_AgCl_OF_param_v5/results/full_parametric_32/png/run_003_wall_isolant_left30_top_isolant_left30_eta00.5_eta_inf0.1_ratio_surface0.8.png,True,OK,,0.8,0.128,0.3,0.273,0.06,0.0,0.4,0.7998,3000,0.5,0.1,0.04,,0.5,35,30,120,30,120,90,90,180,180,0.2,0.002,1e-06,0.3
full_parametric_32,run_004_wall_isolant_left30_top_isolant_left30_eta00.5_eta_inf0.1_ratio_surface1.2,4,/home/erikeo29/17_RD_Ag_AgCl/40_AgCl_OpenFOAM/05_AgCl_OF_param_v5/results/full_parametric_32/gifs/run_004_wall_isolant_left30_top_isolant_left30_eta00.5_eta_inf0.1_ratio_surface1.2.gif,/home/erikeo29/17_RD_Ag_AgCl/40_AgCl_OpenFOAM/05_AgCl_OF_param_v5/results/full_parametric_32/png/run_004_wall_isolant_left30_top_isolant_left30_eta00.5_eta_inf0.1_ratio_surface1.2.png,True,OK,,0.8,0.128,0.3,0.41,0.06,0.0,0.4,1.2012,3000,0.5,0.1,0.04,,0.5,35,30,120,30,120,90,90,180,180,0.2,0.002,1e-06,0.3
full_parametric_32,run_005_wall_isolant_left30_top_isolant_left30_eta01.5_eta_inf0.001_ratio_surface0.8,5,/home/erikeo29/17_RD_Ag_AgCl/40_AgCl_OpenFOAM/05_AgCl_OF_param_v5/results/full_parametric_32/gifs/run_005_wall_isolant_left30_top_isolant_left30_eta01.5_eta_inf0.001_ratio_surface0.8.gif,/home/erikeo29/17_RD_Ag_AgCl/40_AgCl_OpenFOAM/05_AgCl_OF_param_v5/results/full_parametric_32/png/run_005_wall_isolant_left30_top_isolant_left30_eta01.5_eta_inf0.001_ratio_surface0.8.png,True,OK,,0.8,0.128,0.3,0.273,0.06,0.0,0.4,0.7998,3000,1.5,0.001,0.04,,0.5,35,30,120,30,120,90,90,180,180,0.2,0.002,1e-06,0.3
full_parametric_32,run_006_wall_isolant_left30_top_isolant_left30_eta01.5_eta_inf0.001_ratio_surface1.2,6,/home/erikeo29/17_RD_Ag_AgCl/40_AgCl_OpenFOAM/05_AgCl_OF_param_v5/results/full_parametric_32/gifs/run_006_wall_isolant_left30_top_isolant_left30_eta01.5_eta_inf0.001_ratio_surface1.2.gif,/home/erikeo29/17_RD_Ag_AgCl/40_AgCl_OpenFOAM/05_AgCl_OF_param_v5/results/full_parametric_32/png/run_006_wall_isolant_left30_top_isolant_left30_eta01.5_eta_inf0.001_ratio_surface1.2.png,True,OK,,0.8,0.128,0.3,0.41,0.06,0.0,0.4,1.2012,3000,1.5,0.001,0.04,,0.5,35,30,120,30,120,90,90,180,180,0.2,0.002,1e-06,0.3
full_parametric_32,run_007_wall_isolant_left30_top_isolant_left30_eta01.5_eta_inf0.1_ratio_surface0.8,7,/home/erikeo29/17_RD_Ag_AgCl/40_AgCl_OpenFOAM/05_AgCl_OF_param_v5/results/full_parametric_32/gifs/run_007_wall_isolant_left30_top_isolant_left30_eta01.5_eta_inf0.1_ratio_surface0.8.gif,/home/erikeo29/17_RD_Ag_AgCl/40_AgCl_OpenFOAM/05_AgCl_OF_param_v5/results/full_parametric_32/png/run_007_wall_isolant_left30_top_isolant_left30_eta01.5_eta_inf0.1_ratio_surface0.8.png,True,OK,,0.8,0.128,0.3,0.273,0.06,0.0,0.4,0.7998,3000,1.5,0.1,0.04,,0.5,35,30,120,30,120,90,90,180,180,0.2,0.002,1e-06,0.3
full_parametric_32,run_008_wall_isolant_left30_top_isolant_left30_eta01.5_eta_inf0.1_ratio_surface1.2,8,/home/erikeo29/17_RD_Ag_AgCl/40_AgCl_OpenFOAM/05_AgCl_OF_param_v5/results/full_parametric_32/gifs/run_008_wall_isolant_left30_top_isolant_left30_eta01.5_eta_inf0.1_ratio_surface1.2.gif,/home/erikeo29/17_RD_Ag_AgCl/40_AgCl_OpenFOAM/05_AgCl_OF_param_v5/results/full_parametric_32/png/run_008_wall_isolant_left30_top_isolant_left30_eta01.5_eta_inf0.1_ratio_surface1.2.png,True,OK,,0.8,0.128,0.3,0.41,0.06,0.0,0.4,1.2012,3000,1.5,0.1,0.04,,0.5,35,30,120,30,120,90,90,180,180,0.2,0.002,1e-06,0.3
full_parametric_32,run_009_wall_isolant_left30_top_isolant_left60_eta00.5_eta_inf0.001_ratio_surface0.8,9,/home/erikeo29/17_RD_Ag_AgCl/40_AgCl_OpenFOAM/05_AgCl_OF_param_v5/results/full_parametric_32/gifs/run_009_wall_isolant_left30_top_isolant_left60_eta00.5_eta_inf0.001_ratio_surface0.8.gif,/home/erikeo29/17_RD_Ag_AgCl/40_AgCl_OpenFOAM/05_AgCl_OF_param_v5/results/full_parametric_32/png/run_009_wall_isolant_left30_top_isolant_left60_eta00.5_eta_inf0.001_ratio_surface0.8.png,True,OK,,0.8,0.128,0.3,0.273,0.06,0.0,0.4,0.7998,3000,0.5,0.001,0.04,,0.5,35,30,120,60,120,90,90,180,180,0.2,0.002,1e-06,0.3
full_parametric_32,run_010_wall_isolant_left30_top_isolant_left60_eta00.5_eta_inf0.001_ratio_surface1.2,10,/home/erikeo29/17_RD_Ag_AgCl/40_AgCl_OpenFOAM/05_AgCl_OF_param_v5/results/full_parametric_32/gifs/run_010_wall_isolant_left30_top_isolant_left60_eta00.5_eta_inf0.001_ratio_surface1.2.gif,/home/erikeo29/17_RD_Ag_AgCl/40_AgCl_OpenFOAM/05_AgCl_OF_param_v5/results/full_parametric_32/png/run_010_wall_isolant_left30_top_isolant_left60_eta00.5_eta_inf0.001_ratio_surface1.2.png,True,OK,,0.8,0.128,0.3,0.41,0.06,0.0,0.4,1.2012,3000,0.5,0.001,0.04,,0.5,35,30,120,60,120,90,90,180,180,0.2,0.002,1e-06,0.3
full_parametric_32,run_011_wall_isolant_left30_top_isolant_left60_eta00.5_eta_inf0.1_ratio_surface0.8,11,/home/erikeo29/17_RD_Ag_AgCl/40_AgCl_OpenFOAM/05_AgCl_OF_param_v5/results/full_parametric_32/gifs/run_011_wall_isolant_left30_top_isolant_left60_eta00.5_eta_inf0.1_ratio_surface0.8.gif,/home/erikeo29/17_RD_Ag_AgCl/40_AgCl_OpenFOAM/05_AgCl_OF_param_v5/results/full_parametric_32/png/run_011_wall_isolant_left30_top_isolant_left60_eta00.5_eta_inf0.1_ratio_surface0.8.png,True,OK,,0.8,0.128,0.3,0.273,0.06,0.0,0.4,0.7998,3000,0.5,0.1,0.04,,0.5,35,30,120,60,120,90,90,180,180,0.2,0.002,1e-06,0.3
full_parametric_32,run_012_wall_isolant_left30_top_isolant_left60_eta00.5_eta_inf0.1_ratio_surface1.2,12,/home/erikeo29/17_RD_Ag_AgCl/40_AgCl_OpenFOAM/05_AgCl_OF_param_v5/results/full_parametric_32/gifs/run_012_wall_isolant_left30_top_isolant_left60_eta00.5_eta_inf0.1_ratio_surface1.2.gif,/home/erikeo29/17_RD_Ag_AgCl/40_AgCl_OpenFOAM/05_AgCl_OF_param_v5/results/full_parametric_32/png/run_012_wall_isolant_left30_top_isolant_left60_eta00.5_eta_inf0.1_ratio_surface1.2.png,True,OK,,0.8,0.128,0.3,0.41,0.06,0.0,0.4,1.2012,3000,0.5,0.1,0.04,,0.5,35,30,120,60,120,90,90,180,180,0.2,0.002,1e-06,0.3
full_parametric_32,run_013_wall_isolant_left30_top_isolant_left60_eta01.5_eta_inf0.001_ratio_surface0.8,13,/home/erikeo29/17_RD_Ag_AgCl/40_AgCl_OpenFOAM/05_AgCl_OF_param_v5/results/full_parametric_32/gifs/run_013_wall_isolant_left30_top_isolant_left60_eta01.5_eta_inf0.001_ratio_surface0.8.gif,/home/erikeo29/17_RD_Ag_AgCl/40_AgCl_OpenFOAM/05_AgCl_OF_param_v5/results/full_parametric_32/png/run_013_wall_isolant_left30_top_isolant_left60_eta01.5_eta_inf0.001_ratio_surface0.8.png,True,OK,,0.8,0.128,0.3,0.273,0.06,0.0,0.4,0.7998,3000,1.5,0.001,0.04,,0.5,35,30,120,60,120,90,90,180,180,0.2,0.002,1e-06,0.3
full_parametric_32,run_014_wall_isolant_left30_top_isolant_left60_eta01.5_eta_inf0.001_ratio_surface1.2,14,/home/erikeo29/17_RD_Ag_AgCl/40_AgCl_OpenFOAM/05_AgCl_OF_param_v5/results/full_parametric_32/gifs/run_014_wall_isolant_left30_top_isolant_left60_eta01.5_eta_inf0.001_ratio_surface1.2.gif,/home/erikeo29/17_RD_Ag_AgCl/40_AgCl_OpenFOAM/05_AgCl_OF_param_v5/results/full_parametric_32/png/run_014_wall_isolant_left30_top_isolant_left60_eta01.5_eta_inf0.001_ratio_surface1.2.png,True,OK,,0.8,0.128,0.3,0.41,0.06,0.0,0.4,1.2012,3000,1.5,0.001,0.04,,0.5,35,30,120,60,120,90,90,180,180,0.2,0.002,1e-06,0.3
full_parametric_32,run_015_wall_isolant_left30_top_isolant_left60_eta01.5_eta_inf0.1_ratio_surface0.8,15,/home/erikeo29/17_RD_Ag_AgCl/40_AgCl_OpenFOAM/05_AgCl_OF_param_v5/results/full_parametric_32/gifs/run_015_wall_isolant_left30_top_isolant_left60_eta01.5_eta_inf0.1_ratio_surface0.8.gif,/home/erikeo29/17_RD_Ag_AgCl/40_AgCl_OpenFOAM/05_AgCl_OF_param_v5/results/full_parametric_32/png/run_015_wall_isolant_left30_top_isolant_left60_eta01.5_eta_inf0.1_ratio_surface0.8.png,True,OK,,0.8,0.128,0.3,0.273,0.06,0.0,0.4,0.7998,3000,1.5,0.1,0.04,,0.5,35,30,120,60,120,90,90,180,180,0.2,0.002,1e-06,0.3
full_parametric_32,run_016_wall_isolant_left30_top_isolant_left60_eta01.5_eta_inf0.1_ratio_surface1.2,16,/home/erikeo29/17_RD_Ag_AgCl/40_AgCl_OpenFOAM/05_AgCl_OF_param_v5/results/full_parametric_32/gifs/run_016_wall_isolant_left30_top_isolant_left60_eta01.5_eta_inf0.1_ratio_surface1.2.gif,/home/erikeo29/17_RD_Ag_AgCl/40_AgCl_OpenFOAM/05_AgCl_OF_param_v5/results/full_parametric_32/png/run_016_wall_isolant_left30_top_isolant_left60_eta01.5_eta_inf0.1_ratio_surface1.2.png,True,OK,,0.8,0.128,0.3,0.41,0.06,0.0,0.4,1.2012,3000,1.5,0.1,0.04,,0.5,35,30,120,60,120,90,90,180,180,0.2,0.002,1e-06,0.3
full_parametric_32,run_017_wall_isolant_left60_top_isolant_left30_eta00.5_eta_inf0.001_ratio_surface0.8,17,/home/erikeo29/17_RD_Ag_AgCl/40_AgCl_OpenFOAM/05_AgCl_OF_param_v5/results/full_parametric_32/gifs/run_017_wall_isolant_left60_top_isolant_left30_eta00.5_eta_inf0.001_ratio_surface0.8.gif,/home/erikeo29/17_RD_Ag_AgCl/40_AgCl_OpenFOAM/05_AgCl_OF_param_v5/results/full_parametric_32/png/run_017_wall_isolant_left60_top_isolant_left30_eta00.5_eta_inf0.001_ratio_surface0.8.png,True,OK,,0.8,0.128,0.3,0.273,0.06,0.0,0.4,0.7998,3000,0.5,0.001,0.04,,0.5,35,60,120,30,120,90,90,180,180,0.2,0.002,1e-06,0.3
full_parametric_32,run_018_wall_isolant_left60_top_isolant_left30_eta00.5_eta_inf0.001_ratio_surface1.2,18,/home/erikeo29/17_RD_Ag_AgCl/40_AgCl_OpenFOAM/05_AgCl_OF_param_v5/results/full_parametric_32/gifs/run_018_wall_isolant_left60_top_isolant_left30_eta00.5_eta_inf0.001_ratio_surface1.2.gif,/home/erikeo29/17_RD_Ag_AgCl/40_AgCl_OpenFOAM/05_AgCl_OF_param_v5/results/full_parametric_32/png/run_018_wall_isolant_left60_top_isolant_left30_eta00.5_eta_inf0.001_ratio_surface1.2.png,True,OK,,0.8,0.128,0.3,0.41,0.06,0.0,0.4,1.2012,3000,0.5,0.001,0.04,,0.5,35,60,120,30,120,90,90,180,180,0.2,0.002,1e-06,0.3
full_parametric_32,run_019_wall_isolant_left60_top_isolant_left30_eta00.5_eta_inf0.1_ratio_surface0.8,19,/home/erikeo29/17_RD_Ag_AgCl/40_AgCl_OpenFOAM/05_AgCl_OF_param_v5/results/full_parametric_32/gifs/run_019_wall_isolant_left60_top_isolant_left30_eta00.5_eta_inf0.1_ratio_surface0.8.gif,/home/erikeo29/17_RD_Ag_AgCl/40_AgCl_OpenFOAM/05_AgCl_OF_param_v5/results/full_parametric_32/png/run_019_wall_isolant_left60_top_isolant_left30_eta00.5_eta_inf0.1_ratio_surface0.8.png,True,OK,,0.8,0.128,0.3,0.273,0.06,0.0,0.4,0.7998,3000,0.5,0.1,0.04,,0.5,35,60,120,30,120,90,90,180,180,0.2,0.002,1e-06,0.3
full_parametric_32,run_020_wall_isolant_left60_top_isolant_left30_eta00.5_eta_inf0.1_ratio_surface1.2,20,/home/erikeo29/17_RD_Ag_AgCl/40_AgCl_OpenFOAM/05_AgCl_OF_param_v5/results/full_parametric_32/gifs/run_020_wall_isolant_left60_top_isolant_left30_eta00.5_eta_inf0.1_ratio_surface1.2.gif,/home/erikeo29/17_RD_Ag_AgCl/40_AgCl_OpenFOAM/05_AgCl_OF_param_v5/results/full_parametric_32/png/run_020_wall_isolant_left60_top_isolant_left30_eta00.5_eta_inf0.1_ratio_surface1.2.png,True,OK,,0.8,0.128,0.3,0.44,0.06,0.0,0.4,1.2891,3000,0.5,0.1,0.04,,0.5,35,60,120,30,120,90,90,180,180,0.2,0.002,1e-06,0.3
full_parametric_32,run_021_wall_isolant_left60_top_isolant_left30_eta01.5_eta_inf0.001_ratio_surface0.8,21,/home/erikeo29/17_RD_Ag_AgCl/40_AgCl_OpenFOAM/05_AgCl_OF_param_v5/results/full_parametric_32/gifs/run_021_wall_isolant_left60_top_isolant_left30_eta01.5_eta_inf0.001_ratio_surface0.8.gif,/home/erikeo29/17_RD_Ag_AgCl/40_AgCl_OpenFOAM/05_AgCl_OF_param_v5/results/full_parametric_32/png/run_021_wall_isolant_left60_top_isolant_left30_eta01.5_eta_inf0.001_ratio_surface0.8.png,True,OK,,0.8,0.128,0.3,0.273,0.06,0.0,0.4,0.7998,3000,1.5,0.001,0.04,,0.5,35,60,120,30,120,90,90,180,180,0.2,0.002,1e-06,0.3
full_parametric_32,run_022_wall_isolant_left60_top_isolant_left30_eta01.5_eta_inf0.001_ratio_surface1.2,22,/home/erikeo29/17_RD_Ag_AgCl/40_AgCl_OpenFOAM/05_AgCl_OF_param_v5/results/full_parametric_32/gifs/run_022_wall_isolant_left60_top_isolant_left30_eta01.5_eta_inf0.001_ratio_surface1.2.gif,/home/erikeo29/17_RD_Ag_AgCl/40_AgCl_OpenFOAM/05_AgCl_OF_param_v5/results/full_parametric_32/png/run_022_wall_isolant_left60_top_isolant_left30_eta01.5_eta_inf0.001_ratio_surface1.2.png,True,OK,,0.8,0.128,0.3,0.41,0.06,0.0,0.4,1.2012,3000,1.5,0.001,0.04,,0.5,35,60,120,30,120,90,90,180,180,0.2,0.002,1e-06,0.3
full_parametric_32,run_023_wall_isolant_left60_top_isolant_left30_eta01.5_eta_inf0.1_ratio_surface0.8,23,/home/erikeo29/17_RD_Ag_AgCl/40_AgCl_OpenFOAM/05_AgCl_OF_param_v5/results/full_parametric_32/gifs/run_023_wall_isolant_left60_top_isolant_left30_eta01.5_eta_inf0.1_ratio_surface0.8.gif,/home/erikeo29/17_RD_Ag_AgCl/40_AgCl_OpenFOAM/05_AgCl_OF_param_v5/results/full_parametric_32/png/run_023_wall_isolant_left60_top_isolant_left30_eta01.5_eta_inf0.1_ratio_surface0.8.png,True,OK,,0.8,0.128,0.3,0.273,0.06,0.0,0.4,0.7998,3000,1.5,0.1,0.04,,0.5,35,60,120,30,120,90,90,180,180,0.2,0.002,1e-06,0.3
full_parametric_32,run_024_wall_isolant_left60_top_isolant_left30_eta01.5_eta_inf0.1_ratio_surface1.2,24,/home/erikeo29/17_RD_Ag_AgCl/40_AgCl_OpenFOAM/05_AgCl_OF_param_v5/results/full_parametric_32/gifs/run_024_wall_isolant_left60_top_isolant_left30_eta01.5_eta_inf0.1_ratio_surface1.2.gif,/home/erikeo29/17_RD_Ag_AgCl/40_AgCl_OpenFOAM/05_AgCl_OF_param_v5/results/full_parametric_32/png/run_024_wall_isolant_left60_top_isolant_left30_eta01.5_eta_inf0.1_ratio_surface1.2.png,True,OK,,0.8,0.128,0.3,0.41,0.06,0.0,0.4,1.2012,3000,1.5,0.1,0.04,,0.5,35,60,120,30,120,90,90,180,180,0.2,0.002,1e-06,0.3
full_parametric_32,run_025_wall_isolant_left60_top_isolant_left60_eta00.5_eta_inf0.001_ratio_surface0.8,25,/home/erikeo29/17_RD_Ag_AgCl/40_AgCl_OpenFOAM/05_AgCl_OF_param_v5/results/full_parametric_32/gifs/run_025_wall_isolant_left60_top_isolant_left60_eta00.5_eta_inf0.001_ratio_surface0.8.gif,/home/erikeo29/17_RD_Ag_AgCl/40_AgCl_OpenFOAM/05_AgCl_OF_param_v5/results/full_parametric_32/png/run_025_wall_isolant_left60_top_isolant_left60_eta00.5_eta_inf0.001_ratio_surface0.8.png,True,OK,,0.8,0.128,0.3,0.273,0.06,0.0,0.4,0.7998,3000,0.5,0.001,0.04,,0.5,35,60,120,60,120,90,90,180,180,0.2,0.002,1e-06,0.3
full_parametric_32,run_026_wall_isolant_left60_top_isolant_left60_eta00.5_eta_inf0.001_ratio_surface1.2,26,/home/erikeo29/17_RD_Ag_AgCl/40_AgCl_OpenFOAM/05_AgCl_OF_param_v5/results/full_parametric_32/gifs/run_026_wall_isolant_left60_top_isolant_left60_eta00.5_eta_inf0.001_ratio_surface1.2.gif,/home/erikeo29/17_RD_Ag_AgCl/40_AgCl_OpenFOAM/05_AgCl_OF_param_v5/results/full_parametric_32/png/run_026_wall_isolant_left60_top_isolant_left60_eta00.5_eta_inf0.001_ratio_surface1.2.png,True,OK,,0.8,0.128,0.3,0.41,0.06,0.0,0.4,1.2012,3000,0.5,0.001,0.04,,0.5,35,60,120,60,120,90,90,180,180,0.2,0.002,1e-06,0.3
full_parametric_32,run_027_wall_isolant_left60_top_isolant_left60_eta00.5_eta_inf0.1_ratio_surface0.8,27,/home/erikeo29/17_RD_Ag_AgCl/40_AgCl_OpenFOAM/05_AgCl_OF_param_v5/results/full_parametric_32/gifs/run_027_wall_isolant_left60_top_isolant_left60_eta00.5_eta_inf0.1_ratio_surface0.8.gif,/home/erikeo29/17_RD_Ag_AgCl/40_AgCl_OpenFOAM/05_AgCl_OF_param_v5/results/full_parametric_32/png/run_027_wall_isolant_left60_top_isolant_left60_eta00.5_eta_inf0.1_ratio_surface0.8.png,True,OK,,0.8,0.128,0.3,0.273,0.06,0.0,0.4,0.7998,3000,0.5,0.1,0.04,,0.5,35,60,120,60,120,90,90,180,180,0.2,0.002,1e-06,0.3
full_parametric_32,run_028_wall_isolant_left60_top_isolant_left60_eta00.5_eta_inf0.1_ratio_surface1.2,28,/home/erikeo29/17_RD_Ag_AgCl/40_AgCl_OpenFOAM/05_AgCl_OF_param_v5/results/full_parametric_32/gifs/run_028_wall_isolant_left60_top_isolant_left60_eta00.5_eta_inf0.1_ratio_surface1.2.gif,/home/erikeo29/17_RD_Ag_AgCl/40_AgCl_OpenFOAM/05_AgCl_OF_param_v5/results/full_parametric_32/png/run_028_wall_isolant_left60_top_isolant_left60_eta00.5_eta_inf0.1_ratio_surface1.2.png,True,OK,,0.8,0.128,0.3,0.41,0.06,0.0,0.4,1.2012,3000,0.5,0.1,0.04,,0.5,35,60,120,60,120,90,90,180,180,0.2,0.002,1e-06,0.3
full_parametric_32,run_029_wall_isolant_left60_top_isolant_left60_eta01.5_eta_inf0.001_ratio_surface0.8,29,/home/erikeo29/17_RD_Ag_AgCl/40_AgCl_OpenFOAM/05_AgCl_OF_param_v5/results/full_parametric_32/gifs/run_029_wall_isolant_left60_top_isolant_left60_eta01.5_eta_inf0.001_ratio_surface0.8.gif,/home/erikeo29/17_RD_Ag_AgCl/40_AgCl_OpenFOAM/05_AgCl_OF_param_v5/results/full_parametric_32/png/run_029_wall_isolant_left60_top_isolant_left60_eta01.5_eta_inf0.001_ratio_surface0.8.png,True,OK,,0.8,0.128,0.3,0.273,0.06,0.0,0.4,0.7998,3000,1.5,0.001,0.04,,0.5,35,60,120,60,120,90,90,180,180,0.2,0.002,1e-06,0.3
full_parametric_32,run_030_wall_isolant_left60_top_isolant_left60_eta01.5_eta_inf0.001_ratio_surface1.2,30,/home/erikeo29/17_RD_Ag_AgCl/40_AgCl_OpenFOAM/05_AgCl_OF_param_v5/results/full_parametric_32/gifs/run_030_wall_isolant_left60_top_isolant_left60_eta01.5_eta_inf0.001_ratio_surface1.2.gif,/home/erikeo29/17_RD_Ag_AgCl/40_AgCl_OpenFOAM/05_AgCl_OF_param_v5/results/full_parametric_32/png/run_030_wall_isolant_left60_top_isolant_left60_eta01.5_eta_inf0.001_ratio_surface1.2.png,True,OK,,0.8,0.128,0.3,0.41,0.06,0.0,0.4,1.2012,3000,1.5,0.001,0.04,,0.5,35,60,120,60,120,90,90,180,180,0.2,0.002,1e-06,0.3
full_parametric_32,run_031_wall_isolant_left60_top_isolant_left60_eta01.5_eta_inf0.1_ratio_surface0.8,31,/home/erikeo29/17_RD_Ag_AgCl/40_AgCl_OpenFOAM/05_AgCl_OF_param_v5/results/full_parametric_32/gifs/run_031_wall_isolant_left60_top_isolant_left60_eta01.5_eta_inf0.1_ratio_surface0.8.gif,/home/erikeo29/17_RD_Ag_AgCl/40_AgCl_OpenFOAM/05_AgCl_OF_param_v5/results/full_parametric_32/png/run_031_wall_isolant_left60_top_isolant_left60_eta01.5_eta_inf0.1_ratio_surface0.8.png,True,OK,,0.8,0.128,0.3,0.273,0.06,0.0,0.4,0.7998,3000,1.5,0.1,0.04,,0.5,35,60,120,60,120,90,90,180,180,0.2,0.002,1e-06,0.3
full_parametric_32,run_032_wall_isolant_left60_top_isolant_left60_eta01.5_eta_inf0.1_ratio_surface1.2,32,/home/erikeo29/17_RD_Ag_AgCl/40_AgCl_OpenFOAM/05_AgCl_OF_param_v5/results/full_parametric_32/gifs/run_032_wall_isolant_left60_top_isolant_left60_eta01.5_eta_inf0.1_ratio_surface1.2.gif,/home/erikeo29/17_RD_Ag_AgCl/40_AgCl_OpenFOAM/05_AgCl_OF_param_v5/results/full_parametric_32/png/run_032_wall_isolant_left60_top_isolant_left60_eta01.5_eta_inf0.1_ratio_surface1.2.png,True,OK,,0.8,0.128,0.3,0.41,0.06,0.0,0.4,1.2012,3000,1.5,0.1,0.04,,0.5,35,60,120,60,120,90,90,180,180,0.2,0.002,1e-06,0.3
full_parametric_32,run_033_wall_isolant_left30_top_isolant_left15_eta00.5_eta_inf0.001_ratio_surface0.8,33,/home/erikeo29/17_RD_Ag_AgCl/40_AgCl_OpenFOAM/05_AgCl_OF_param_v5/results/full_parametric_32/gifs/run_033_wall_isolant_left30_top_isolant_left15_eta00.5_eta_inf0.001_ratio_surface0.8.gif,/home/erikeo29/17_RD_Ag_AgCl/40_AgCl_OpenFOAM/05_AgCl_OF_param_v5/results/full_parametric_32/png/run_033_wall_isolant_left30_top_isolant_left15_eta00.5_eta_inf0.001_ratio_surface0.8.png,True,OK,,0.8,0.128,0.3,0.273,0.06,0.0,0.4,0.7998,3000,0.5,0.001,0.04,,0.5,35,30,120,15,120,90,90,180,180,0.2,0.002,1e-06,0.3
full_parametric_32,run_034_wall_isolant_left30_top_isolant_left15_eta00.5_eta_inf0.001_ratio_surface1.2,34,/home/erikeo29/17_RD_Ag_AgCl/40_AgCl_OpenFOAM/05_AgCl_OF_param_v5/results/full_parametric_32/gifs/run_034_wall_isolant_left30_top_isolant_left15_eta00.5_eta_inf0.001_ratio_surface1.2.gif,/home/erikeo29/17_RD_Ag_AgCl/40_AgCl_OpenFOAM/05_AgCl_OF_param_v5/results/full_parametric_32/png/run_034_wall_isolant_left30_top_isolant_left15_eta00.5_eta_inf0.001_ratio_surface1.2.png,True,OK,,0.8,0.128,0.3,0.41,0.06,0.0,0.4,1.2012,3000,0.5,0.001,0.04,,0.5,35,30,120,15,120,90,90,180,180,0.2,0.002,1e-06,0.3
full_parametric_32,run_035_wall_isolant_left30_top_isolant_left15_eta00.5_eta_inf0.1_ratio_surface0.8,35,/home/erikeo29/17_RD_Ag_AgCl/40_AgCl_OpenFOAM/05_AgCl_OF_param_v5/results/full_parametric_32/gifs/run_035_wall_isolant_left30_top_isolant_left15_eta00.5_eta_inf0.1_ratio_surface0.8.gif,/home/erikeo29/17_RD_Ag_AgCl/40_AgCl_OpenFOAM/05_AgCl_OF_param_v5/results/full_parametric_32/png/run_035_wall_isolant_left30_top_isolant_left15_eta00.5_eta_inf0.1_ratio_surface0.8.png,True,OK,,0.8,0.128,0.3,0.273,0.06,0.0,0.4,0.7998,3000,0.5,0.1,0.04,,0.5,35,30,120,15,120,90,90,180,180,0.2,0.002,1e-06,0.3
full_parametric_32,run_036_wall_isolant_left30_top_isolant_left15_eta00.5_eta_inf0.1_ratio_surface1.2,36,/home/erikeo29/17_RD_Ag_AgCl/40_AgCl_OpenFOAM/05_AgCl_OF_param_v5/results/full_parametric_32/gifs/run_036_wall_isolant_left30_top_isolant_left15_eta00.5_eta_inf0.1_ratio_surface1.2.gif,/home/erikeo29/17_RD_Ag_AgCl/40_AgCl_OpenFOAM/05_AgCl_OF_param_v5/results/full_parametric_32/png/run_036_wall_isolant_left30_top_isolant_left15_eta00.5_eta_inf0.1_ratio_surface1.2.png,True,OK,,0.8,0.128,0.3,0.41,0.06,0.0,0.4,1.2012,3000,0.5,0.1,0.04,,0.5,35,30,120,15,120,90,90,180,180,0.2,0.002,1e-06,0.3
full_parametric_32,run_037_wall_isolant_left30_top_isolant_left15_eta01.5_eta_inf0.001_ratio_surface0.8,37,/home/erikeo29/17_RD_Ag_AgCl/40_AgCl_OpenFOAM/05_AgCl_OF_param_v5/results/full_parametric_32/gifs/run_037_wall_isolant_left30_top_isolant_left15_eta01.5_eta_inf0.001_ratio_surface0.8.gif,/home/erikeo29/17_RD_Ag_AgCl/40_AgCl_OpenFOAM/05_AgCl_OF_param_v5/results/full_parametric_32/png/run_037_wall_isolant_left30_top_isolant_left15_eta01.5_eta_inf0.001_ratio_surface0.8.png,True,OK,,0.8,0.128,0.3,0.273,0.06,0.0,0.4,0.7998,3000,1.5,0.001,0.04,,0.5,35,30,120,15,120,90,90,180,180,0.2,0.002,1e-06,0.3
full_parametric_32,run_038_wall_isolant_left30_top_isolant_left15_eta01.5_eta_inf0.001_ratio_surface1.2,38,/home/erikeo29/17_RD_Ag_AgCl/40_AgCl_OpenFOAM/05_AgCl_OF_param_v5/results/full_parametric_32/gifs/run_038_wall_isolant_left30_top_isolant_left15_eta01.5_eta_inf0.001_ratio_surface1.2.gif,/home/erikeo29/17_RD_Ag_AgCl/40_AgCl_OpenFOAM/05_AgCl_OF_param_v5/results/full_parametric_32/png/run_038_wall_isolant_left30_top_isolant_left15_eta01.5_eta_inf0.001_ratio_surface1.2.png,True,OK,,0.8,0.128,0.3,0.41,0.06,0.0,0.4,1.2012,3000,1.5,0.001,0.04,,0.5,35,30,120,15,120,90,90,180,180,0.2,0.002,1e-06,0.3
full_parametric_32,run_039_wall_isolant_left30_top_isolant_left15_eta01.5_eta_inf0.1_ratio_surface0.8,39,/home/erikeo29/17_RD_Ag_AgCl/40_AgCl_OpenFOAM/05_AgCl_OF_param_v5/results/full_parametric_32/gifs/run_039_wall_isolant_left30_top_isolant_left15_eta01.5_eta_inf0.1_ratio_surface0.8.gif,/home/erikeo29/17_RD_Ag_AgCl/40_AgCl_OpenFOAM/05_AgCl_OF_param_v5/results/full_parametric_32/png/run_039_wall_isolant_left30_top_isolant_left15_eta01.5_eta_inf0.1_ratio_surface0.8.png,True,OK,,0.8,0.128,0.3,0.273,0.06,0.0,0.4,0.7998,3000,1.5,0.1,0.04,,0.5,35,30,120,15,120,90,90,180,180,0.2,0.002,1e-06,0.3
full_parametric_32,run_040_wall_isolant_left30_top_isolant_left15_eta01.5_eta_inf0.1_ratio_surface1.2,40,/home/erikeo29/17_RD_Ag_AgCl/40_AgCl_OpenFOAM/05_AgCl_OF_param_v5/results/full_parametric_32/gifs/run_040_wall_isolant_left30_top_isolant_left15_eta01.5_eta_inf0.1_ratio_surface1.2.gif,/home/erikeo29/17_RD_Ag_AgCl/40_AgCl_OpenFOAM/05_AgCl_OF_param_v5/results/full_parametric_32/png/run_040_wall_isolant_left30_top_isolant_left15_eta01.5_eta_inf0.1_ratio_surface1.2.png,True,OK,,0.8,0.128,0.3,0.41,0.06,0.0,0.4,1.2012,3000,1.5,0.1,0.04,,0.5,35,30,120,15,120,90,90,180,180,0.2,0.002,1e-06,0.3
full_parametric_32,run_041_wall_isolant_left60_top_isolant_left15_eta00.5_eta_inf0.001_ratio_surface0.8,41,/home/erikeo29/17_RD_Ag_AgCl/40_AgCl_OpenFOAM/05_AgCl_OF_param_v5/results/full_parametric_32/gifs/run_041_wall_isolant_left60_top_isolant_left15_eta00.5_eta_inf0.001_ratio_surface0.8.gif,/home/erikeo29/17_RD_Ag_AgCl/40_AgCl_OpenFOAM/05_AgCl_OF_param_v5/results/full_parametric_32/png/run_041_wall_isolant_left60_top_isolant_left15_eta00.5_eta_inf0.001_ratio_surface0.8.png,True,OK,,0.8,0.128,0.3,0.273,0.06,0.0,0.4,0.7998,3000,0.5,0.001,0.04,,0.5,35,60,120,15,120,90,90,180,180,0.2,0.002,1e-06,0.3
full_parametric_32,run_042_wall_isolant_left60_top_isolant_left15_eta00.5_eta_inf0.001_ratio_surface1.2,42,/home/erikeo29/17_RD_Ag_AgCl/40_AgCl_OpenFOAM/05_AgCl_OF_param_v5/results/full_parametric_32/gifs/run_042_wall_isolant_left60_top_isolant_left15_eta00.5_eta_inf0.001_ratio_surface1.2.gif,/home/erikeo29/17_RD_Ag_AgCl/40_AgCl_OpenFOAM/05_AgCl_OF_param_v5/results/full_parametric_32/png/run_042_wall_isolant_left60_top_isolant_left15_eta00.5_eta_inf0.001_ratio_surface1.2.png,True,OK,,0.8,0.128,0.3,0.41,0.06,0.0,0.4,1.2012,3000,0.5,0.001,0.04,,0.5,35,60,120,15,120,90,90,180,180,0.2,0.002,1e-06,0.3
full_parametric_32,run_043_wall_isolant_left60_top_isolant_left15_eta00.5_eta_inf0.1_ratio_surface0.8,43,/home/erikeo29/17_RD_Ag_AgCl/40_AgCl_OpenFOAM/05_AgCl_OF_param_v5/results/full_parametric_32/gifs/run_043_wall_isolant_left60_top_isolant_left15_eta00.5_eta_inf0.1_ratio_surface0.8.gif,/home/erikeo29/17_RD_Ag_AgCl/40_AgCl_OpenFOAM/05_AgCl_OF_param_v5/results/full_parametric_32/png/run_043_wall_isolant_left60_top_isolant_left15_eta00.5_eta_inf0.1_ratio_surface0.8.png,True,OK,,0.8,0.128,0.3,0.273,0.06,0.0,0.4,0.7998,3000,0.5,0.1,0.04,,0.5,35,60,120,15,120,90,90,180,180,0.2,0.002,1e-06,0.3
full_parametric_32,run_044_wall_isolant_left60_top_isolant_left15_eta00.5_eta_inf0.1_ratio_surface1.2,44,/home/erikeo29/17_RD_Ag_AgCl/40_AgCl_OpenFOAM/05_AgCl_OF_param_v5/results/full_parametric_32/gifs/run_044_wall_isolant_left60_top_isolant_left15_eta00.5_eta_inf0.1_ratio_surface1.2.gif,/home/erikeo29/17_RD_Ag_AgCl/40_AgCl_OpenFOAM/05_AgCl_OF_param_v5/results/full_parametric_32/png/run_044_wall_isolant_left60_top_isolant_left15_eta00.5_eta_inf0.1_ratio_surface1.2.png,True,OK,,0.8,0.128,0.3,0.41,0.06,0.0,0.4,1.2012,3000,0.5,0.1,0.04,,0.5,35,60,120,15,120,90,90,180,180,0.2,0.002,1e-06,0.3
full_parametric_32,run_045_wall_isolant_left60_top_isolant_left15_eta01.5_eta_inf0.001_ratio_surface0.8,45,/home/erikeo29/17_RD_Ag_AgCl/40_AgCl_OpenFOAM/05_AgCl_OF_param_v5/results/full_parametric_32/gifs/run_045_wall_isolant_left60_top_isolant_left15_eta01.5_eta_inf0.001_ratio_surface0.8.gif,/home/erikeo29/17_RD_Ag_AgCl/40_AgCl_OpenFOAM/05_AgCl_OF_param_v5/results/full_parametric_32/png/run_045_wall_isolant_left60_top_isolant_left15_eta01.5_eta_inf0.001_ratio_surface0.8.png,True,OK,,0.8,0.128,0.3,0.273,0.06,0.0,0.4,0.7998,3000,1.5,0.001,0.04,,0.5,35,60,120,15,120,90,90,180,180,0.2,0.002,1e-06,0.3
full_parametric_32,run_046_wall_isolant_left60_top_isolant_left15_eta01.5_eta_inf0.001_ratio_surface1.2,46,/home/erikeo29/17_RD_Ag_AgCl/40_AgCl_OpenFOAM/05_AgCl_OF_param_v5/results/full_parametric_32/gifs/run_046_wall_isolant_left60_top_isolant_left15_eta01.5_eta_inf0.001_ratio_surface1.2.gif,/home/erikeo29/17_RD_Ag_AgCl/40_AgCl_OpenFOAM/05_AgCl_OF_param_v5/results/full_parametric_32/png/run_046_wall_isolant_left60_top_isolant_left15_eta01.5_eta_inf0.001_ratio_surface1.2.png,True,OK,,0.8,0.128,0.3,0.41,0.06,0.0,0.4,1.2012,3000,1.5,0.001,0.04,,0.5,35,60,120,15,120,90,90,180,180,0.2,0.002,1e-06,0.3
full_parametric_32,run_047_wall_isolant_left60_top_isolant_left15_eta01.5_eta_inf0.1_ratio_surface0.8,47,/home/erikeo29/17_RD_Ag_AgCl/40_AgCl_OpenFOAM/05_AgCl_OF_param_v5/results/full_parametric_32/gifs/run_047_wall_isolant_left60_top_isolant_left15_eta01.5_eta_inf0.1_ratio_surface0.8.gif,/home/erikeo29/17_RD_Ag_AgCl/40_AgCl_OpenFOAM/05_AgCl_OF_param_v5/results/full_parametric_32/png/run_047_wall_isolant_left60_top_isolant_left15_eta01.5_eta_inf0.1_ratio_surface0.8.png,True,OK,,0.8,0.128,0.3,0.273,0.06,0.0,0.4,0.7998,3000,1.5,0.1,0.04,,0.5,35,60,120,15,120,90,90,180,180,0.2,0.002,1e-06,0.3
full_parametric_32,run_048_wall_isolant_left60_top_isolant_left15_eta01.5_eta_inf0.1_ratio_surface1.2,48,/home/erikeo29/17_RD_Ag_AgCl/40_AgCl_OpenFOAM/05_AgCl_OF_param_v5/results/full_parametric_32/gifs/run_048_wall_isolant_left60_top_isolant_left15_eta01.5_eta_inf0.1_ratio_surface1.2.gif,/home/erikeo29/17_RD_Ag_AgCl/40_AgCl_OpenFOAM/05_AgCl_OF_param_v5/results/full_parametric_32/png/run_048_wall_isolant_left60_top_isolant_left15_eta01.5_eta_inf0.1_ratio_surface1.2.png,True,OK,,0.8,0.128,0.3,0.41,0.06,0.0,0.4,1.2012,3000,1.5,0.1,0.04,,0.5,35,60,120,15,120,90,90,180,180,0.2,0.002,1e-06,0.3
